{
  "config": {
    "max_iterations": 4,
    "population_size": 8,
    "mutation_rate": 0.1,
    "crossover_rate": 0.7,
    "early_stop_threshold": 1e-06,
    "target_tops_w": 75.0,
    "max_latency_ms": 10.0,
    "min_accuracy": 0.95,
    "enable_parallel": true,
    "enable_caching": true,
    "enable_adaptive": true,
    "enable_research": false,
    "parallel_workers": null
  },
  "search_history": [
    [
      "random_arch_3206",
      {
        "latency_ms": 0.1,
        "energy_mj": 0.24139531892513347,
        "accuracy": 0.1,
        "tops_per_watt": 0.1,
        "memory_mb": 10.14453125,
        "flops": 15702
      }
    ],
    [
      "random_arch_3601",
      {
        "latency_ms": 0.1,
        "energy_mj": 0.2419097981528032,
        "accuracy": 0.1,
        "tops_per_watt": 0.1,
        "memory_mb": 86.32421875,
        "flops": 411456
      }
    ],
    [
      "random_arch_6695",
      {
        "latency_ms": 0.1,
        "energy_mj": 0.23445390352734652,
        "accuracy": 0.1,
        "tops_per_watt": 0.1,
        "memory_mb": 283.47265625,
        "flops": 3541510
      }
    ],
    [
      "random_arch_7152",
      {
        "latency_ms": 3.1760527062340893,
        "energy_mj": 0.24664955947018638,
        "accuracy": 0.1,
        "tops_per_watt": 0.1,
        "memory_mb": 32.921875,
        "flops": 233
      }
    ],
    [
      "random_arch_5203",
      {
        "latency_ms": 0.1,
        "energy_mj": 0.24146875309802293,
        "accuracy": 0.1,
        "tops_per_watt": 0.1,
        "memory_mb": 11.8671875,
        "flops": 46531
      }
    ],
    [
      "random_arch_4637",
      {
        "latency_ms": 0.1,
        "energy_mj": 0.23402960675545997,
        "accuracy": 0.1,
        "tops_per_watt": 0.1,
        "memory_mb": 50.72265625,
        "flops": 3212550
      }
    ],
    [
      "random_arch_9617",
      {
        "latency_ms": 0.1,
        "energy_mj": 0.24165907229855288,
        "accuracy": 0.1,
        "tops_per_watt": 0.1,
        "memory_mb": 113.88671875,
        "flops": 13824
      }
    ],
    [
      "random_arch_6987",
      {
        "latency_ms": 1.8773417870068139,
        "energy_mj": 0.23644512620073718,
        "accuracy": 0.1,
        "tops_per_watt": 0.1,
        "memory_mb": 27.37109375,
        "flops": 268
      }
    ],
    [
      "random_arch_3206",
      {
        "latency_ms": 0.1,
        "energy_mj": 0.24139531892513347,
        "accuracy": 0.1,
        "tops_per_watt": 0.1,
        "memory_mb": 10.14453125,
        "flops": 15702
      }
    ],
    [
      "random_arch_3601",
      {
        "latency_ms": 0.1,
        "energy_mj": 0.24153319095276793,
        "accuracy": 0.1,
        "tops_per_watt": 0.1,
        "memory_mb": 40.38671875,
        "flops": 27456
      }
    ],
    [
      "mutated_crossover_random_arch_3601_random_arch_3601_0_0",
      {
        "latency_ms": 0.1,
        "energy_mj": 0.24159771217790568,
        "accuracy": 0.1,
        "tops_per_watt": 0.1,
        "memory_mb": 28.13671875,
        "flops": 25728
      }
    ],
    [
      "mutated_crossover_random_arch_3601_random_arch_3601_0_0",
      {
        "latency_ms": 0.1,
        "energy_mj": 0.24159771217790568,
        "accuracy": 0.1,
        "tops_per_watt": 0.1,
        "memory_mb": 28.13671875,
        "flops": 25728
      }
    ],
    [
      "random_arch_3601",
      {
        "latency_ms": 0.1,
        "energy_mj": 0.24153319095276793,
        "accuracy": 0.1,
        "tops_per_watt": 0.1,
        "memory_mb": 40.38671875,
        "flops": 27456
      }
    ],
    [
      "random_arch_3206",
      {
        "latency_ms": 0.1,
        "energy_mj": 0.24139531892513347,
        "accuracy": 0.1,
        "tops_per_watt": 0.1,
        "memory_mb": 10.14453125,
        "flops": 15702
      }
    ],
    [
      "random_arch_3601",
      {
        "latency_ms": 0.1,
        "energy_mj": 0.24153319095276793,
        "accuracy": 0.1,
        "tops_per_watt": 0.1,
        "memory_mb": 40.38671875,
        "flops": 27456
      }
    ],
    [
      "random_arch_3601",
      {
        "latency_ms": 0.1,
        "energy_mj": 0.24153319095276793,
        "accuracy": 0.1,
        "tops_per_watt": 0.1,
        "memory_mb": 40.38671875,
        "flops": 27456
      }
    ],
    [
      "random_arch_3206",
      {
        "latency_ms": 0.1,
        "energy_mj": 0.24139531892513347,
        "accuracy": 0.1,
        "tops_per_watt": 0.1,
        "memory_mb": 10.14453125,
        "flops": 15702
      }
    ],
    [
      "random_arch_3601",
      {
        "latency_ms": 0.1,
        "energy_mj": 0.24153319095276793,
        "accuracy": 0.1,
        "tops_per_watt": 0.1,
        "memory_mb": 40.38671875,
        "flops": 27456
      }
    ],
    [
      "mutated_crossover_random_arch_3601_random_arch_3601_0_0",
      {
        "latency_ms": 0.1,
        "energy_mj": 0.2414950866377969,
        "accuracy": 0.1,
        "tops_per_watt": 0.1,
        "memory_mb": 28.13671875,
        "flops": 27392
      }
    ],
    [
      "mutated_random_arch_3206_0",
      {
        "latency_ms": 0.11041670887383391,
        "energy_mj": 0.24095890832153993,
        "accuracy": 0.1,
        "tops_per_watt": 0.1,
        "memory_mb": 59.14453125,
        "flops": 16470
      }
    ],
    [
      "random_arch_3206",
      {
        "latency_ms": 0.1,
        "energy_mj": 0.24139531892513347,
        "accuracy": 0.1,
        "tops_per_watt": 0.1,
        "memory_mb": 10.14453125,
        "flops": 15702
      }
    ]
  ],
  "best_architecture": "random_arch_2540",
  "best_metrics": {
    "latency_ms": 0.1,
    "energy_mj": 0.2336567374054616,
    "accuracy": 0.1,
    "tops_per_watt": 0.1,
    "memory_mb": 388.5546875,
    "flops": 1027075
  },
  "statistics": {
    "search_completed": true,
    "total_evaluations": 21,
    "best_metrics": {
      "latency_ms": 0.1,
      "energy_mj": 0.2336567374054616,
      "accuracy": 0.1,
      "tops_per_watt": 0.1,
      "memory_mb": 388.5546875,
      "flops": 1027075
    },
    "convergence_metrics": {
      "convergence_rate": 0,
      "improvement_trend": 0.0
    },
    "resource_usage": {
      "memory_mb": 0,
      "cpu_percent": 0,
      "num_threads": 1
    },
    "error_summary": {
      "prediction_errors": 0,
      "evaluation_errors": 0,
      "validation_errors": 0,
      "recovery_actions": 0
    }
  }
}