{
  "config": {
    "max_iterations": 4,
    "population_size": 8,
    "mutation_rate": 0.1,
    "crossover_rate": 0.7,
    "early_stop_threshold": 1e-06,
    "target_tops_w": 75.0,
    "max_latency_ms": 10.0,
    "min_accuracy": 0.95,
    "enable_parallel": true,
    "enable_caching": true,
    "enable_adaptive": true,
    "enable_research": false,
    "enable_adaptive_scaling": true,
    "enable_advanced_optimization": true,
    "enable_hyperparameter_optimization": true,
    "parallel_workers": null,
    "adaptive_scaling_factor": 1.5
  },
  "search_history": [
    [
      "random_arch_9718",
      {
        "latency_ms": 0.35609613312,
        "energy_mj": 0.8897364630000001,
        "accuracy": 0.8674592,
        "tops_per_watt": 8.0,
        "memory_mb": 0.398368,
        "flops": 1000000
      }
    ],
    [
      "random_arch_8528",
      {
        "latency_ms": 0.35609613312,
        "energy_mj": 0.647990343,
        "accuracy": 0.863036,
        "tops_per_watt": 8.0,
        "memory_mb": 0.070048,
        "flops": 1000000
      }
    ],
    [
      "random_arch_5843",
      {
        "latency_ms": 0.35609613312,
        "energy_mj": 0.853639479,
        "accuracy": 0.8822336000000001,
        "tops_per_watt": 8.0,
        "memory_mb": 0.349344,
        "flops": 1000000
      }
    ],
    [
      "random_arch_6764",
      {
        "latency_ms": 0.35329222656000003,
        "energy_mj": 0.6478018469999999,
        "accuracy": 0.8308439999999999,
        "tops_per_watt": 8.0,
        "memory_mb": 0.069792,
        "flops": 1000000
      }
    ],
    [
      "random_arch_5843",
      {
        "latency_ms": 0.35609613312,
        "energy_mj": 0.853639479,
        "accuracy": 0.8822336000000001,
        "tops_per_watt": 8.0,
        "memory_mb": 0.349344,
        "flops": 1000000
      }
    ],
    [
      "random_arch_5843",
      {
        "latency_ms": 0.35609613312,
        "energy_mj": 0.853639479,
        "accuracy": 0.8822336000000001,
        "tops_per_watt": 8.0,
        "memory_mb": 0.349344,
        "flops": 1000000
      }
    ],
    [
      "random_arch_5843",
      {
        "latency_ms": 0.35609613312,
        "energy_mj": 0.853639479,
        "accuracy": 0.8822336000000001,
        "tops_per_watt": 8.0,
        "memory_mb": 0.349344,
        "flops": 1000000
      }
    ]
  ],
  "best_architecture": "random_arch_1301",
  "best_metrics": {
    "latency_ms": 0.35609613312,
    "energy_mj": 0.647990343,
    "accuracy": 0.9280360000000001,
    "tops_per_watt": 8.0,
    "memory_mb": 0.070048,
    "flops": 1000000
  },
  "statistics": {
    "search_completed": true,
    "total_evaluations": 7,
    "best_metrics": {
      "latency_ms": 0.35609613312,
      "energy_mj": 0.647990343,
      "accuracy": 0.9280360000000001,
      "tops_per_watt": 8.0,
      "memory_mb": 0.070048,
      "flops": 1000000
    },
    "convergence_metrics": {
      "convergence_rate": 0.0,
      "improvement_trend": 0.0
    },
    "resource_usage": {
      "memory_mb": 0,
      "cpu_percent": 0,
      "num_threads": 1
    },
    "error_summary": {
      "prediction_errors": 0,
      "evaluation_errors": 0,
      "validation_errors": 0,
      "recovery_actions": 0
    }
  }
}