{
  "config": {
    "max_iterations": 2,
    "population_size": 3,
    "mutation_rate": 0.1,
    "crossover_rate": 0.7,
    "early_stop_threshold": 1e-06,
    "target_tops_w": 75.0,
    "max_latency_ms": 10.0,
    "min_accuracy": 0.1,
    "enable_parallel": true,
    "enable_caching": true,
    "enable_adaptive": true,
    "enable_research": false,
    "parallel_workers": null
  },
  "search_history": [
    [
      "random_arch_1008",
      {
        "latency_ms": 1.0924501293549977,
        "energy_mj": 0.24193834529371855,
        "accuracy": 0.1,
        "tops_per_watt": 0.1,
        "memory_mb": 1.01171875,
        "flops": 384
      }
    ],
    [
      "random_arch_3825",
      {
        "latency_ms": 1.284049505856259,
        "energy_mj": 0.23834855740501393,
        "accuracy": 0.1,
        "tops_per_watt": 0.1,
        "memory_mb": 8.03515625,
        "flops": 4102
      }
    ],
    [
      "random_arch_4671",
      {
        "latency_ms": 1.6852694462779914,
        "energy_mj": 0.24306861433208776,
        "accuracy": 0.1,
        "tops_per_watt": 0.1,
        "memory_mb": 6.0234375,
        "flops": 2563
      }
    ],
    [
      "random_arch_4471",
      {
        "latency_ms": 2.1596672949369218,
        "energy_mj": 0.24406674253836946,
        "accuracy": 0.1,
        "tops_per_watt": 0.1,
        "memory_mb": 1.55078125,
        "flops": 1920
      }
    ],
    [
      "random_arch_8531",
      {
        "latency_ms": 2.635886768462375,
        "energy_mj": 0.24067461642673865,
        "accuracy": 0.1,
        "tops_per_watt": 0.1,
        "memory_mb": 0.2734375,
        "flops": 131
      }
    ],
    [
      "mutated_random_arch_7395_0",
      {
        "latency_ms": 0.1,
        "energy_mj": 0.2314429873342563,
        "accuracy": 0.1,
        "tops_per_watt": 0.1,
        "memory_mb": 16.01171875,
        "flops": 153600
      }
    ]
  ],
  "best_architecture": "random_arch_1008",
  "best_metrics": {
    "latency_ms": 1.0924501293549977,
    "energy_mj": 0.24193834529371855,
    "accuracy": 0.1,
    "tops_per_watt": 0.1,
    "memory_mb": 1.01171875,
    "flops": 384
  },
  "statistics": {
    "search_completed": true,
    "total_evaluations": 6,
    "best_metrics": {
      "latency_ms": 1.0924501293549977,
      "energy_mj": 0.24193834529371855,
      "accuracy": 0.1,
      "tops_per_watt": 0.1,
      "memory_mb": 1.01171875,
      "flops": 384
    },
    "convergence_metrics": {
      "convergence_rate": 0.0,
      "improvement_trend": 0.0
    },
    "resource_usage": {
      "memory_mb": 0,
      "cpu_percent": 0,
      "num_threads": 1
    },
    "error_summary": {
      "prediction_errors": 0,
      "evaluation_errors": 0,
      "validation_errors": 0,
      "recovery_actions": 0
    }
  }
}