{
  "config": {
    "max_iterations": 4,
    "population_size": 8,
    "mutation_rate": 0.1,
    "crossover_rate": 0.7,
    "early_stop_threshold": 1e-06,
    "target_tops_w": 75.0,
    "max_latency_ms": 10.0,
    "min_accuracy": 0.95,
    "enable_parallel": true,
    "enable_caching": true,
    "enable_adaptive": true,
    "enable_research": false,
    "parallel_workers": null
  },
  "search_history": [
    [
      "random_arch_9095",
      {
        "latency_ms": 1.8285087744533266,
        "energy_mj": 0.2410933094317011,
        "accuracy": 0.1,
        "tops_per_watt": 0.1,
        "memory_mb": 7.2734375,
        "flops": 1795
      }
    ],
    [
      "random_arch_8629",
      {
        "latency_ms": 0.1,
        "energy_mj": 0.23155866546464746,
        "accuracy": 0.1,
        "tops_per_watt": 0.1,
        "memory_mb": 393.72265625,
        "flops": 4102
      }
    ],
    [
      "random_arch_6801",
      {
        "latency_ms": 0.1,
        "energy_mj": 0.24182998989007623,
        "accuracy": 0.1,
        "tops_per_watt": 0.1,
        "memory_mb": 246.72265625,
        "flops": 38662
      }
    ],
    [
      "random_arch_9181",
      {
        "latency_ms": 0.1,
        "energy_mj": 0.23365593843700416,
        "accuracy": 0.1,
        "tops_per_watt": 0.1,
        "memory_mb": 114.939453125,
        "flops": 2717955
      }
    ],
    [
      "random_arch_9296",
      {
        "latency_ms": 0.1,
        "energy_mj": 0.2432455349721075,
        "accuracy": 0.1,
        "tops_per_watt": 0.1,
        "memory_mb": 169.5859375,
        "flops": 138905
      }
    ],
    [
      "random_arch_9214",
      {
        "latency_ms": 0.1,
        "energy_mj": 0.2442357667977481,
        "accuracy": 0.1,
        "tops_per_watt": 0.1,
        "memory_mb": 218.203125,
        "flops": 64265
      }
    ],
    [
      "random_arch_1525",
      {
        "latency_ms": 0.1,
        "energy_mj": 0.24238313868641603,
        "accuracy": 0.1,
        "tops_per_watt": 0.1,
        "memory_mb": 392.57421875,
        "flops": 15360
      }
    ],
    [
      "random_arch_4068",
      {
        "latency_ms": 0.1,
        "energy_mj": 0.23239077037074146,
        "accuracy": 0.1,
        "tops_per_watt": 0.1,
        "memory_mb": 76.1796875,
        "flops": 1238339
      }
    ],
    [
      "random_arch_9095",
      {
        "latency_ms": 1.8285087744533266,
        "energy_mj": 0.2410933094317011,
        "accuracy": 0.1,
        "tops_per_watt": 0.1,
        "memory_mb": 7.2734375,
        "flops": 1795
      }
    ],
    [
      "random_arch_8629",
      {
        "latency_ms": 0.1,
        "energy_mj": 0.23155866546464746,
        "accuracy": 0.1,
        "tops_per_watt": 0.1,
        "memory_mb": 393.72265625,
        "flops": 4102
      }
    ],
    [
      "crossover_random_arch_9181_random_arch_9181_0",
      {
        "latency_ms": 0.1,
        "energy_mj": 0.23351858315513074,
        "accuracy": 0.1,
        "tops_per_watt": 0.1,
        "memory_mb": 114.939453125,
        "flops": 2554115
      }
    ],
    [
      "crossover_random_arch_9181_random_arch_9181_0",
      {
        "latency_ms": 0.1,
        "energy_mj": 0.23351858315513074,
        "accuracy": 0.1,
        "tops_per_watt": 0.1,
        "memory_mb": 114.939453125,
        "flops": 2554115
      }
    ],
    [
      "crossover_random_arch_9181_random_arch_9181_0",
      {
        "latency_ms": 0.1,
        "energy_mj": 0.23351858315513074,
        "accuracy": 0.1,
        "tops_per_watt": 0.1,
        "memory_mb": 114.939453125,
        "flops": 2554115
      }
    ],
    [
      "crossover_random_arch_9181_random_arch_9181_0",
      {
        "latency_ms": 0.1,
        "energy_mj": 0.23351858315513074,
        "accuracy": 0.1,
        "tops_per_watt": 0.1,
        "memory_mb": 114.939453125,
        "flops": 2554115
      }
    ],
    [
      "mutated_crossover_random_arch_9181_random_arch_9181_0_0",
      {
        "latency_ms": 0.1,
        "energy_mj": 0.23351055205750285,
        "accuracy": 0.1,
        "tops_per_watt": 0.1,
        "memory_mb": 102.689453125,
        "flops": 2553859
      }
    ],
    [
      "random_arch_9095",
      {
        "latency_ms": 1.8285087744533266,
        "energy_mj": 0.2410933094317011,
        "accuracy": 0.1,
        "tops_per_watt": 0.1,
        "memory_mb": 7.2734375,
        "flops": 1795
      }
    ],
    [
      "random_arch_8629",
      {
        "latency_ms": 0.1,
        "energy_mj": 0.23155866546464746,
        "accuracy": 0.1,
        "tops_per_watt": 0.1,
        "memory_mb": 393.72265625,
        "flops": 4102
      }
    ],
    [
      "crossover_random_arch_9181_random_arch_9181_0",
      {
        "latency_ms": 0.1,
        "energy_mj": 0.23351858315513074,
        "accuracy": 0.1,
        "tops_per_watt": 0.1,
        "memory_mb": 114.939453125,
        "flops": 2554115
      }
    ],
    [
      "crossover_random_arch_9181_random_arch_9181_0",
      {
        "latency_ms": 0.1,
        "energy_mj": 0.23351858315513074,
        "accuracy": 0.1,
        "tops_per_watt": 0.1,
        "memory_mb": 114.939453125,
        "flops": 2554115
      }
    ],
    [
      "crossover_random_arch_9181_random_arch_9181_0",
      {
        "latency_ms": 0.1,
        "energy_mj": 0.23351858315513074,
        "accuracy": 0.1,
        "tops_per_watt": 0.1,
        "memory_mb": 114.939453125,
        "flops": 2554115
      }
    ],
    [
      "random_arch_9095",
      {
        "latency_ms": 1.8285087744533266,
        "energy_mj": 0.2410933094317011,
        "accuracy": 0.1,
        "tops_per_watt": 0.1,
        "memory_mb": 7.2734375,
        "flops": 1795
      }
    ],
    [
      "random_arch_8629",
      {
        "latency_ms": 0.1,
        "energy_mj": 0.23155866546464746,
        "accuracy": 0.1,
        "tops_per_watt": 0.1,
        "memory_mb": 393.72265625,
        "flops": 4102
      }
    ],
    [
      "crossover_crossover_random_arch_9181_random_arch_9181_0_crossover_random_arch_9181_random_arch_9181_0_0",
      {
        "latency_ms": 0.1,
        "energy_mj": 0.23351858315513074,
        "accuracy": 0.1,
        "tops_per_watt": 0.1,
        "memory_mb": 114.939453125,
        "flops": 2554115
      }
    ],
    [
      "crossover_crossover_random_arch_9181_random_arch_9181_0_crossover_random_arch_9181_random_arch_9181_0_0",
      {
        "latency_ms": 0.1,
        "energy_mj": 0.23351858315513074,
        "accuracy": 0.1,
        "tops_per_watt": 0.1,
        "memory_mb": 114.939453125,
        "flops": 2554115
      }
    ],
    [
      "crossover_crossover_random_arch_9181_random_arch_9181_0_crossover_random_arch_9181_random_arch_9181_0_0",
      {
        "latency_ms": 0.1,
        "energy_mj": 0.23351858315513074,
        "accuracy": 0.1,
        "tops_per_watt": 0.1,
        "memory_mb": 114.939453125,
        "flops": 2554115
      }
    ],
    [
      "crossover_crossover_random_arch_9181_random_arch_9181_0_crossover_random_arch_9181_random_arch_9181_0_0",
      {
        "latency_ms": 0.1,
        "energy_mj": 0.23351858315513074,
        "accuracy": 0.1,
        "tops_per_watt": 0.1,
        "memory_mb": 114.939453125,
        "flops": 2554115
      }
    ],
    [
      "crossover_crossover_random_arch_9181_random_arch_9181_0_crossover_random_arch_9181_random_arch_9181_0_0",
      {
        "latency_ms": 0.1,
        "energy_mj": 0.23351858315513074,
        "accuracy": 0.1,
        "tops_per_watt": 0.1,
        "memory_mb": 114.939453125,
        "flops": 2554115
      }
    ]
  ],
  "best_architecture": "random_arch_7991",
  "best_metrics": {
    "latency_ms": 0.1,
    "energy_mj": 0.23291434918652382,
    "accuracy": 0.1,
    "tops_per_watt": 0.1,
    "memory_mb": 327.87890625,
    "flops": 1671302
  },
  "statistics": {
    "search_completed": true,
    "total_evaluations": 27,
    "best_metrics": {
      "latency_ms": 0.1,
      "energy_mj": 0.23291434918652382,
      "accuracy": 0.1,