{
  "config": {
    "max_iterations": 4,
    "population_size": 8,
    "mutation_rate": 0.1,
    "crossover_rate": 0.7,
    "early_stop_threshold": 1e-06,
    "target_tops_w": 75.0,
    "max_latency_ms": 10.0,
    "min_accuracy": 0.95,
    "enable_parallel": true,
    "enable_caching": true,
    "enable_adaptive": true,
    "enable_research": false,
    "enable_adaptive_scaling": true,
    "parallel_workers": null,
    "adaptive_scaling_factor": 1.5
  },
  "search_history": [
    [
      "random_arch_8167",
      {
        "latency_ms": 2.657918021698283,
        "energy_mj": 0.24029801407960172,
        "accuracy": 0.1,
        "tops_per_watt": 0.1,
        "memory_mb": 7.2734375,
        "flops": 67
      }
    ],
    [
      "random_arch_1772",
      {
        "latency_ms": 0.9795138376484983,
        "energy_mj": 0.24159285417798032,
        "accuracy": 0.1,
        "tops_per_watt": 0.1,
        "memory_mb": 10.71875,
        "flops": 13075
      }
    ],
    [
      "random_arch_6867",
      {
        "latency_ms": 2.2329180211628863,
        "energy_mj": 0.24278313966294449,
        "accuracy": 0.1,
        "tops_per_watt": 0.1,
        "memory_mb": 25.07421875,
        "flops": 7644
      }
    ],
    [
      "random_arch_7785",
      {
        "latency_ms": 0.7611878394920888,
        "energy_mj": 0.24422726842211706,
        "accuracy": 0.1,
        "tops_per_watt": 0.1,
        "memory_mb": 193.12890625,
        "flops": 3006
      }
    ],
    [
      "random_arch_7726",
      {
        "latency_ms": 0.1,
        "energy_mj": 0.241492384851216,
        "accuracy": 0.1,
        "tops_per_watt": 0.1,
        "memory_mb": 74.07421875,
        "flops": 19072
      }
    ],
    [
      "random_arch_4143",
      {
        "latency_ms": 0.1,
        "energy_mj": 0.2327616428069917,
        "accuracy": 0.1,
        "tops_per_watt": 0.1,
        "memory_mb": 172.6484375,
        "flops": 1607299
      }
    ],
    [
      "random_arch_2569",
      {
        "latency_ms": 0.1,
        "energy_mj": 0.24210646488444826,
        "accuracy": 0.1,
        "tops_per_watt": 0.1,
        "memory_mb": 49.57421875,
        "flops": 6912
      }
    ],
    [
      "random_arch_3523",
      {
        "latency_ms": 0.1,
        "energy_mj": 0.2417773318715727,
        "accuracy": 0.1,
        "tops_per_watt": 0.1,
        "memory_mb": 96.0859375,
        "flops": 209491
      }
    ],
    [
      "random_arch_8167",
      {
        "latency_ms": 2.657918021698283,
        "energy_mj": 0.24029801407960172,
        "accuracy": 0.1,
        "tops_per_watt": 0.1,
        "memory_mb": 7.2734375,
        "flops": 67
      }
    ],
    [
      "random_arch_1772",
      {
        "latency_ms": 0.9795138376484983,
        "energy_mj": 0.24159285417798032,
        "accuracy": 0.1,
        "tops_per_watt": 0.1,
        "memory_mb": 10.71875,
        "flops": 13075
      }
    ],
    [
      "crossover_random_arch_6867_random_arch_6867_0",
      {
        "latency_ms": 2.513341278254564,
        "energy_mj": 0.24284315977735113,
        "accuracy": 0.1,
        "tops_per_watt": 0.1,
        "memory_mb": 19.71484375,
        "flops": 5740
      }
    ],
    [
      "crossover_random_arch_6867_random_arch_6867_0",
      {
        "latency_ms": 2.513341278254564,
        "energy_mj": 0.24284315977735113,
        "accuracy": 0.1,
        "tops_per_watt": 0.1,
        "memory_mb": 19.71484375,
        "flops": 5740
      }
    ],
    [
      "crossover_random_arch_6867_random_arch_6867_0",
      {
        "latency_ms": 2.513341278254564,
        "energy_mj": 0.24284315977735113,
        "accuracy": 0.1,
        "tops_per_watt": 0.1,
        "memory_mb": 19.71484375,
        "flops": 5740
      }
    ],
    [
      "mutated_crossover_random_arch_6867_random_arch_6867_0_0",
      {
        "latency_ms": 2.3221088717645118,
        "energy_mj": 0.24284345908475266,
        "accuracy": 0.1,
        "tops_per_watt": 0.1,
        "memory_mb": 19.140625,
        "flops": 5737
      }
    ],
    [
      "crossover_random_arch_6867_random_arch_6867_0",
      {
        "latency_ms": 2.513341278254564,
        "energy_mj": 0.24284315977735113,
        "accuracy": 0.1,
        "tops_per_watt": 0.1,
        "memory_mb": 19.71484375,
        "flops": 5740
      }
    ],
    [
      "random_arch_8167",
      {
        "latency_ms": 2.657918021698283,
        "energy_mj": 0.24029801407960172,
        "accuracy": 0.1,
        "tops_per_watt": 0.1,
        "memory_mb": 7.2734375,
        "flops": 67
      }
    ],
    [
      "random_arch_1772",
      {
        "latency_ms": 0.9795138376484983,
        "energy_mj": 0.24159285417798032,
        "accuracy": 0.1,
        "tops_per_watt": 0.1,
        "memory_mb": 10.71875,
        "flops": 13075
      }
    ],
    [
      "crossover_crossover_random_arch_6867_random_arch_6867_0_crossover_random_arch_6867_random_arch_6867_0_0",
      {
        "latency_ms": 2.513341278254564,
        "energy_mj": 0.24284315977735113,
        "accuracy": 0.1,
        "tops_per_watt": 0.1,
        "memory_mb": 19.71484375,
        "flops": 5740
      }
    ],
    [
      "crossover_crossover_random_arch_6867_random_arch_6867_0_crossover_random_arch_6867_random_arch_6867_0_0",
      {
        "latency_ms": 2.513341278254564,
        "energy_mj": 0.24284315977735113,
        "accuracy": 0.1,
        "tops_per_watt": 0.1,
        "memory_mb": 19.71484375,
        "flops": 5740
      }
    ],
    [
      "crossover_crossover_random_arch_6867_random_arch_6867_0_crossover_random_arch_6867_random_arch_6867_0_0",
      {
        "latency_ms": 2.513341278254564,
        "energy_mj": 0.24284315977735113,
        "accuracy": 0.1,
        "tops_per_watt": 0.1,
        "memory_mb": 19.71484375,
        "flops": 5740
      }
    ],
    [
      "crossover_crossover_random_arch_6867_random_arch_6867_0_crossover_random_arch_6867_random_arch_6867_0_0",
      {
        "latency_ms": 2.513341278254564,
        "energy_mj": 0.24284315977735113,
        "accuracy": 0.1,
        "tops_per_watt": 0.1,
        "memory_mb": 19.71484375,
        "flops": 5740
      }
    ],
    [
      "random_arch_8167",
      {
        "latency_ms": 2.657918021698283,
        "energy_mj": 0.24029801407960172,
        "accuracy": 0.1,
        "tops_per_watt": 0.1,
        "memory_mb": 7.2734375,
        "flops": 67
      }
    ],
    [
      "random_arch_1772",
      {
        "latency_ms": 0.9795138376484983,
        "energy_mj": 0.24159285417798032,
        "accuracy": 0.1,
        "tops_per_watt": 0.1,
        "memory_mb": 10.71875,
        "flops": 13075
      }
    ],
    [
      "crossover_crossover_crossover_random_arch_6867_random_arch_6867_0_crossover_random_arch_6867_random_arch_6867_0_0_crossover_crossover_random_arch_6867_random_arch_6867_0_crossover_random_arch_6867_random_arch_6867_0_0_0",
      {
        "latency_ms": 2.513341278254564,
        "energy_mj": 0.24284315977735113,
        "accuracy": 0.1,
        "tops_per_watt": 0.1,
        "memory_mb": 19.71484375,
        "flops": 5740
      }
    ],
    [
      "crossover_crossover_crossover_random_arch_6867_random_arch_6867_0_crossover_random_arch_6867_random_arch_6867_0_0_crossover_crossover_random_arch_6867_random_arch_6867_0_crossover_random_arch_6867_random_arch_6867_0_0_0",
      {
        "latency_ms": 2.513341278254564,
        "energy_mj": 0.24284315977735113,
        "accuracy": 0.1,
        "tops_per_watt": 0.1,
        "memory_mb": 19.71484375,
        "flops": 5740
      }
    ],
    [
      "crossover_crossover_crossover_random_arch_6867_random_arch_6867_0_crossover_random_arch_6867_random_arch_6867_0_0_crossover_crossover_random_arch_6867_random_arch_6867_0_crossover_random_arch_6867_random_arch_6867_0_0_0",
      {
        "latency_ms": 2.513341278254564,
        "energy_mj": 0.24284315977735113,
        "accuracy": 0.1,
        "tops_per_watt": 0.1,
        "memory_mb": 19.71484375,