{
  "config": {
    "max_iterations": 4,
    "population_size": 8,
    "mutation_rate": 0.1,
    "crossover_rate": 0.7,
    "early_stop_threshold": 1e-06,
    "target_tops_w": 75.0,
    "max_latency_ms": 10.0,
    "min_accuracy": 0.95,
    "enable_parallel": true,
    "enable_caching": true,
    "enable_adaptive": true,
    "enable_research": false,
    "enable_adaptive_scaling": true,
    "enable_advanced_optimization": true,
    "enable_hyperparameter_optimization": true,
    "parallel_workers": null,
    "adaptive_scaling_factor": 1.5
  },
  "search_history": [
    [
      "random_arch_8621",
      {
        "latency_ms": 0.35469417984,
        "energy_mj": 1.408006215,
        "accuracy": 0.827056,
        "tops_per_watt": 8.0,
        "memory_mb": 1.10224,
        "flops": 1000000
      }
    ],
    [
      "random_arch_5735",
      {
        "latency_ms": 0.35609613312,
        "energy_mj": 1.4217664230000002,
        "accuracy": 0.9535232000000001,
        "tops_per_watt": 8.0,
        "memory_mb": 1.120928,
        "flops": 1000000
      }
    ],
    [
      "random_arch_2122",
      {
        "latency_ms": 0.35259124991999996,
        "energy_mj": 0.700957719,
        "accuracy": 0.906988,
        "tops_per_watt": 8.0,
        "memory_mb": 0.141984,
        "flops": 1000000
      }
    ],
    [
      "random_arch_7048",
      {
        "latency_ms": 0.35539515648,
        "energy_mj": 1.704887415,
        "accuracy": 0.844136,
        "tops_per_watt": 8.0,
        "memory_mb": 1.50544,
        "flops": 1000000
      }
    ],
    [
      "random_arch_9840",
      {
        "latency_ms": 0.35539515648,
        "energy_mj": 1.396696455,
        "accuracy": 0.822672,
        "tops_per_watt": 8.0,
        "memory_mb": 1.08688,
        "flops": 1000000
      }
    ],
    [
      "random_arch_5735",
      {
        "latency_ms": 0.35609613312,
        "energy_mj": 1.4217664230000002,
        "accuracy": 0.9535232000000001,
        "tops_per_watt": 8.0,
        "memory_mb": 1.120928,
        "flops": 1000000
      }
    ],
    [
      "random_arch_5735",
      {
        "latency_ms": 0.35609613312,
        "energy_mj": 1.4217664230000002,
        "accuracy": 0.9535232000000001,
        "tops_per_watt": 8.0,
        "memory_mb": 1.120928,
        "flops": 1000000
      }
    ],
    [
      "random_arch_5735",
      {
        "latency_ms": 0.35609613312,
        "energy_mj": 1.4217664230000002,
        "accuracy": 0.9535232000000001,
        "tops_per_watt": 8.0,
        "memory_mb": 1.120928,
        "flops": 1000000
      }
    ]
  ],
  "best_architecture": "random_arch_5735",
  "best_metrics": {
    "latency_ms": 0.35609613312,
    "energy_mj": 1.4217664230000002,
    "accuracy": 0.9535232000000001,
    "tops_per_watt": 8.0,
    "memory_mb": 1.120928,
    "flops": 1000000
  },
  "statistics": {
    "search_completed": true,
    "total_evaluations": 8,
    "best_metrics": {
      "latency_ms": 0.35609613312,
      "energy_mj": 1.4217664230000002,
      "accuracy": 0.9535232000000001,
      "tops_per_watt": 8.0,
      "memory_mb": 1.120928,
      "flops": 1000000
    },
    "convergence_metrics": {
      "convergence_rate": 0.0,
      "improvement_trend": 0.0
    },
    "resource_usage": {
      "memory_mb": 0,
      "cpu_percent": 0,
      "num_threads": 1
    },
    "error_summary": {
      "prediction_errors": 0,
      "evaluation_errors": 0,
      "validation_errors": 0,
      "recovery_actions": 0
    }
  }
}